FIPS,YEAR,actual,prediction
1013,2018,11.4,10.915889
1013,2019,10.9,10.998748
1027,2018,11.0,10.423294
1027,2019,10.6,9.797743
1045,2018,10.4,10.214615
1045,2019,9.6,9.931037
1057,2018,10.8,10.4102
1057,2019,10.2,10.478044
1061,2018,10.9,11.060445
1061,2019,10.0,10.173481
1063,2018,12.9,12.132682
1063,2019,12.4,11.737842
1073,2018,10.0,9.691606
1073,2019,9.7,9.717079
1075,2018,10.8,10.479289
1075,2019,10.0,10.611619
1085,2018,12.6,12.295866
1085,2019,11.8,12.21888
1089,2018,9.6,9.481611
1089,2019,9.6,9.199421
1091,2018,11.5,11.207638
1091,2019,10.7,10.945237
1095,2018,10.5,10.440788
1095,2019,9.8,9.813312
1097,2018,10.8,10.085808
1097,2019,9.7,10.462927
1107,2018,11.3,10.942308
1107,2019,10.3,10.434267
1119,2018,12.2,11.365888
1119,2019,11.7,11.701619
1123,2018,11.0,10.38615
1123,2019,10.2,10.409174
1133,2018,10.8,10.672991
1133,2019,10.3,10.502706
4009,2018,10.5,9.706522
4009,2019,9.6,9.106458
4021,2018,10.7,10.266997
4021,2019,9.5,9.847821
5025,2018,10.1,10.296914
5025,2019,10.0,9.938385
5031,2018,9.7,10.194371
5031,2019,9.8,10.15868
5043,2018,10.5,9.989805
5043,2019,10.5,9.775382
5045,2018,10.0,9.87334
5045,2019,10.2,9.825262
5061,2018,10.6,10.223951
5061,2019,10.3,9.82161
5071,2018,10.2,10.480281
5071,2019,10.3,10.192112
5081,2018,10.4,10.526446
5081,2019,10.1,10.177519
5093,2018,11.6,10.913135
5093,2019,11.0,10.730058
5105,2018,10.2,10.286308
5105,2019,10.0,10.066168
5127,2018,10.6,10.823383
5127,2019,10.1,10.260977
5135,2018,10.5,10.60869
5135,2019,10.4,10.810574
5143,2018,9.6,9.721807
5143,2019,9.5,9.243869
6021,2018,10.1,9.646572
6021,2019,9.4,9.693121
6029,2018,10.2,10.153066
6029,2019,9.3,9.4142685
6043,2018,9.8,10.191633
6043,2019,9.5,9.972644
6049,2018,10.4,9.808117
6049,2019,10.0,9.424655
6053,2018,9.2,9.471162
6053,2019,8.7,9.083861
6055,2018,8.8,8.952774
6055,2019,8.4,8.670419
6057,2018,9.3,9.856242
6057,2019,9.2,9.700924
6065,2018,9.2,9.115359
6065,2019,8.4,8.701586
6067,2018,10.0,9.548013
6067,2019,9.9,8.869379
6075,2018,7.6,8.359
6077,2018,9.4,9.6927
6077,2019,9.6,9.17309
6089,2018,10.2,10.927656
6089,2019,9.5,10.791945
6103,2018,10.5,10.72424
6103,2019,10.0,9.87913
6111,2018,8.9,9.296718
6111,2019,8.2,8.643309
8007,2018,9.3,9.088288
8007,2019,9.3,9.010216
8023,2018,9.8,9.482711
8023,2019,9.7,8.62448
8027,2018,9.5,9.202651
8027,2019,9.2,9.183488
8031,2018,9.0,9.073263
8031,2019,9.1,8.75694
8037,2018,8.7,8.778925
8037,2019,8.7,8.592951
8039,2018,9.4,8.51453
8039,2019,9.1,8.420452
8043,2018,9.7,9.98148
8043,2019,9.2,9.3539915
8051,2018,9.2,9.566019
8051,2019,9.4,9.709806
8077,2018,9.7,9.847145
8077,2019,9.6,9.552535
8085,2018,9.8,9.67745
8085,2019,9.5,9.27646
8095,2018,9.5,9.062692
8095,2019,9.5,8.7506485
8109,2018,10.1,9.404004
8109,2019,9.6,8.846187
9005,2018,10.0,9.587551
9005,2019,9.3,9.4022
9007,2018,9.6,9.156287
9007,2019,9.6,9.214563
9009,2018,11.2,9.914358
9009,2019,10.6,9.707958
10001,2018,10.6,10.214989
10001,2019,11.2,9.872687
12005,2018,9.1,10.036228
12005,2019,8.9,9.480797
12019,2018,8.7,9.523085
12019,2019,8.6,9.12991
12029,2018,9.8,10.401547
12029,2019,9.8,10.309597
12041,2018,9.6,10.152521
12041,2019,9.5,10.017556
12043,2018,9.1,10.315277
12043,2019,8.9,9.543165
12045,2018,8.8,9.639892
12045,2019,9.3,9.483608
12049,2018,9.3,9.576187
12049,2019,8.9,8.849341
12053,2018,9.0,9.530714
12053,2019,8.4,9.905779
12055,2018,8.9,8.979157
12055,2019,8.6,8.996665
12069,2018,8.7,8.728653
12069,2019,8.2,8.546303
12071,2018,8.4,8.631399
12071,2019,8.1,8.072774
12073,2018,9.1,9.679416
12073,2019,9.4,9.5230055
12077,2018,9.1,9.956131
12077,2019,9.3,9.803657
12095,2018,8.9,8.609597
12095,2019,8.3,8.180106
12099,2018,8.3,8.849701
12099,2019,7.8,8.678024
12107,2018,10.1,10.496637
12107,2019,9.7,9.955579
12123,2018,9.8,10.272326
12123,2019,9.8,9.499857
12125,2018,9.4,9.9310875
12125,2019,9.0,9.863411
12127,2018,8.7,9.32126
12127,2019,8.2,8.790845
13019,2018,10.4,10.654804
13019,2019,10.2,10.118789
13033,2018,11.1,10.916989
13033,2019,10.6,10.723532
13043,2018,10.8,10.501406
13043,2019,10.4,10.116112
13047,2018,9.2,9.713807
13047,2019,9.0,9.560658
13055,2018,10.5,10.578761
13055,2019,10.3,10.383716
13061,2018,11.8,11.662602
13061,2019,12.1,11.726085
13079,2018,10.1,10.401382
13079,2019,9.8,10.242901
13149,2018,10.0,10.037243
13149,2019,9.7,9.837943
13165,2018,10.8,10.581724
13165,2019,10.6,10.305401
13169,2018,9.7,9.687857
13169,2019,9.6,9.724509
13189,2018,10.9,10.662131
13189,2019,10.6,10.120835
13225,2018,10.4,10.251956
13225,2019,10.1,10.229067
13237,2018,9.7,9.623783
13237,2019,9.5,9.467372
13249,2018,10.2,10.206405
13249,2019,9.7,9.766636
13251,2018,10.6,10.624978
13251,2019,10.3,10.615474
13265,2018,11.1,11.279036
13265,2019,10.8,10.924415
13281,2018,9.1,9.358391
13281,2019,8.8,9.517332
13285,2018,10.4,10.23606
13285,2019,10.2,10.100832
13299,2018,10.3,10.323022
13299,2019,10.4,10.637228
13307,2018,10.6,10.476011
13307,2019,10.2,10.118394
13311,2018,9.3,9.506086
13311,2019,8.9,9.324438
13319,2018,10.5,10.570807
13319,2019,10.4,10.665324
16001,2018,8.6,9.957674
16001,2019,9.0,9.902894
16011,2018,9.7,9.551357
16011,2019,9.8,9.301145
16027,2018,9.9,10.517197
16027,2019,10.3,10.197664
16055,2018,9.5,9.592849
16055,2019,10.0,10.13677
16063,2018,9.8,9.803467
16063,2019,9.9,9.166501
16073,2018,10.4,10.245554
16073,2019,10.1,9.74741
16075,2018,9.8,10.775607
16075,2019,9.7,10.408111
16077,2018,9.7,9.287302
16077,2019,9.7,8.7458725
16085,2018,8.9,9.700191
16085,2019,9.4,9.792982
17005,2018,9.8,9.485514
17005,2019,9.3,9.175015
17023,2018,9.8,9.668064
17023,2019,9.4,9.301633
17035,2018,9.9,9.539822
17035,2019,9.4,9.062964
17039,2018,9.7,9.264002
17039,2019,9.4,9.299198
17045,2018,9.7,9.718382
17045,2019,9.3,9.392651
17061,2018,10.0,9.964596
17061,2019,9.4,9.788157
17067,2018,9.6,9.147437
17067,2019,9.1,8.875245
17077,2018,10.4,10.142539
17077,2019,10.0,10.206556
17089,2018,8.9,8.814005
17089,2019,8.2,8.354761
17091,2018,10.3,9.541344
17091,2019,9.4,9.341976
17101,2018,9.9,10.238618
17101,2019,9.5,9.984447
17111,2018,9.1,8.503945
17111,2019,8.4,8.603012
17113,2018,9.4,8.771972
17113,2019,8.7,8.504138
17117,2018,9.8,9.690175
17117,2019,9.5,9.373369
17139,2018,10.0,9.712936
17139,2019,9.6,8.8545885
17163,2018,10.3,9.7149515
17163,2019,10.1,9.693553
17165,2018,10.6,10.240453
17165,2019,10.1,10.1566725
17193,2018,9.9,9.749
17193,2019,9.5,9.948605
17201,2018,10.0,9.660934
17201,2019,9.4,9.482157
18023,2018,10.1,10.006642
18023,2019,9.7,9.479294
18027,2018,11.0,10.439937
18027,2019,10.6,10.157659
18037,2018,9.8,9.542405
18037,2019,9.3,9.220124
18039,2018,10.3,10.27942
18039,2019,9.8,9.483512
18041,2018,10.7,11.05492
18041,2019,10.6,10.430327
18047,2018,10.1,10.150171
18047,2019,10.0,9.9410095
18053,2018,10.9,10.523801
18053,2019,10.9,10.238155
18055,2018,10.4,10.474458
18055,2019,10.1,10.034633
18059,2018,9.5,9.106804
18059,2019,9.4,8.876546
18061,2018,10.0,10.335778
18061,2019,9.7,9.969762
18063,2018,9.3,8.74572
18063,2019,9.1,8.827422
18067,2018,10.5,10.181126
18067,2019,10.1,10.002969
18087,2018,11.1,10.577986
18087,2019,10.8,10.353982
18095,2018,11.0,10.767537
18095,2019,11.2,10.314289
18097,2018,10.9,10.187959
18097,2019,10.1,9.524436
18105,2018,9.9,9.905538
18105,2019,9.7,9.56293
18107,2018,10.0,9.939591
18107,2019,9.9,9.78962
18139,2018,10.6,10.247509
18139,2019,10.2,9.972808
18147,2018,10.0,9.995451
18147,2019,9.6,9.587011
18155,2018,10.8,11.091698
18155,2019,10.7,10.363269
18159,2018,9.8,9.762309
18159,2019,9.6,9.049442
18175,2018,10.6,10.434311
18175,2019,10.4,10.164857
19007,2018,9.1,9.837264
19007,2019,9.2,9.803971
19029,2018,8.8,8.83106
19029,2019,8.7,8.861024
19033,2018,8.6,8.377659
19033,2019,8.1,8.507419
19035,2018,8.4,8.431443
19035,2019,8.3,8.181687
19037,2018,8.5,8.4800625
19037,2019,8.4,8.569615
19043,2018,8.6,8.653312
19043,2019,8.5,9.300499
19061,2018,8.3,8.577187
19061,2019,8.3,8.6823225
19071,2018,8.7,8.693368
19071,2019,8.6,8.272079
19087,2018,8.5,8.569728
19087,2019,8.5,8.526342
19129,2018,8.5,8.469206
19129,2019,8.2,8.333097
19135,2018,9.0,9.294241
19135,2019,8.6,9.073804
19139,2018,8.5,8.867332
19139,2019,8.2,8.605482
19155,2018,9.1,9.321281
19155,2019,8.8,9.3965
19163,2018,9.0,8.90469
19163,2019,8.7,8.821904
19177,2018,8.9,9.427681
19177,2019,8.7,9.717418
19179,2018,9.1,9.872545
19179,2019,8.7,9.296687
19185,2018,9.1,10.046566
19185,2019,9.3,10.359647
19193,2018,8.8,9.319197
19193,2019,8.2,8.790631
19195,2018,8.5,8.538898
19195,2019,8.2,8.478173
20003,2018,9.9,9.775169
20003,2019,9.7,9.6640005
20011,2018,10.2,10.192419
20011,2019,10.4,9.845206
20021,2018,10.5,10.017265
20021,2019,10.4,9.882892
20031,2018,9.6,8.970993
20031,2019,9.5,9.00326
20039,2018,9.6,9.350487
20039,2019,9.6,8.750838
20055,2018,9.7,9.541031
20055,2019,8.8,8.852407
20063,2018,9.5,9.490909
20063,2019,9.6,9.316669
20067,2018,9.5,9.193096
20067,2019,9.0,8.713477
20087,2018,9.7,9.1855
20087,2019,9.1,9.157057
20107,2018,10.3,10.308805
20107,2019,9.8,9.613808
20109,2018,9.6,9.542423
20109,2019,9.3,9.4258585
20113,2018,9.3,8.899516
20113,2019,9.5,8.877273
20149,2018,9.4,8.85648
20149,2019,9.1,8.46885
20151,2018,9.7,9.182954
20151,2019,9.2,8.937398
20153,2018,9.2,9.023933
20153,2019,9.3,9.316435
20157,2018,9.2,8.821054
20157,2019,9.0,8.716713
20159,2018,9.8,9.26682
20159,2019,9.3,8.562133
20169,2018,9.6,9.641906
20169,2019,9.4,9.590403
20177,2018,9.8,9.463511
20177,2019,9.7,9.273846
20183,2018,9.6,9.401883
20183,2019,9.1,9.248304
20191,2018,9.8,9.683974
20191,2019,9.5,9.158576
21003,2018,11.3,11.122412
21003,2019,10.3,10.610613
21023,2018,10.9,10.500668
21023,2019,10.2,10.477292
21029,2018,10.6,10.459341
21029,2019,9.7,10.101335
21031,2018,11.2,11.132543
21031,2019,10.6,10.543857
21035,2018,10.7,10.0501175
21035,2019,10.1,10.234567
21053,2018,12.0,11.634841
21053,2019,11.3,11.121347
21065,2018,11.9,11.829538
21065,2019,11.0,11.30162
21067,2018,10.5,9.196581
21067,2019,9.5,9.041039
21073,2018,10.3,9.635248
21073,2019,9.8,9.663961
21079,2018,10.9,10.455477
21079,2019,10.2,10.330801
21083,2018,10.8,10.850103
21083,2019,10.2,10.336713
21085,2018,11.5,11.297477
21085,2019,10.6,10.6727085
21087,2018,11.4,11.198947
21087,2019,10.6,10.549004
21091,2018,10.8,10.373028
21091,2019,10.0,10.064263
21095,2018,12.7,12.386671
21095,2019,11.5,11.528124
21097,2018,10.9,10.532775
21097,2019,10.4,10.365321
21103,2018,11.1,10.901628
21103,2019,10.1,10.076141
21119,2018,12.2,12.127413
21119,2019,11.4,10.968116
21125,2018,11.6,11.175279
21125,2019,10.4,10.677956
21165,2018,11.4,11.364862
21165,2019,10.7,10.981988
21185,2018,9.4,9.103068
21185,2019,8.5,8.941445
21215,2018,10.1,9.7211075
21215,2019,9.5,9.910187
21235,2018,11.7,11.190418
21235,2019,10.6,10.611663
21237,2018,12.8,12.052232
21237,2019,11.8,11.176766
22005,2018,9.0,9.453763
22005,2019,8.8,9.095559
22011,2018,9.6,9.841207
22011,2019,9.4,9.628222
22025,2018,10.0,10.737289
22025,2019,10.0,10.208571
22027,2018,10.4,11.5687475
22027,2019,10.6,11.357056
22037,2018,10.0,10.580823
22037,2019,9.7,10.097892
22059,2018,9.8,10.477778
22059,2019,9.7,10.009908
22069,2018,10.7,11.047692
22069,2019,10.8,10.839978
22081,2018,10.5,10.919694
22081,2019,10.6,10.766006
22085,2018,10.0,10.312813
22085,2019,10.1,10.05062
22109,2018,10.1,10.000621
22109,2019,9.9,10.020292
22125,2018,8.7,9.981573
22125,2019,8.6,9.758153
23023,2018,10.4,10.294263
23023,2019,10.3,10.161857
23027,2018,11.1,10.691918
23027,2019,11.5,10.725749
23029,2018,12.0,11.168332
23029,2019,11.2,11.084025
23031,2018,10.6,10.529216
23031,2019,11.1,10.433181
24003,2018,9.0,9.356473
24003,2019,8.6,9.196551
24035,2018,9.1,9.088958
24035,2019,8.5,8.994292
25003,2018,10.5,9.799759
25003,2019,10.3,9.750357
25005,2018,11.3,9.801173
25005,2019,10.5,10.271013
25007,2018,10.0,9.147702
25007,2019,9.6,9.225755
25009,2018,10.1,9.408663
25009,2019,8.9,9.382017
25013,2018,11.3,10.050356
25013,2019,10.6,9.543266
25015,2018,10.5,9.66884
25015,2019,10.0,9.767769
25021,2018,9.4,9.26317
25021,2019,9.1,9.320708
26019,2018,10.0,9.443462
26019,2019,10.4,9.9557495
26029,2018,10.1,9.700903
26029,2019,10.5,10.468368
26045,2018,10.1,9.145676
26045,2019,10.1,9.589128
26097,2018,11.2,10.749066
26097,2019,11.0,10.930507
26105,2018,10.3,10.280793
26105,2019,10.7,10.319553
26111,2018,10.1,9.765049
26111,2019,10.2,9.709287
26123,2018,10.8,10.729039
26123,2019,10.9,10.318569
26135,2018,11.1,10.657947
26135,2019,11.0,10.962183
26137,2018,10.4,9.753558
26137,2019,10.6,10.159835
26165,2018,10.8,10.667447
26165,2019,11.2,10.923924
27003,2018,8.5,9.486647
27003,2019,8.4,9.810544
27009,2018,8.9,9.416642
27009,2019,9.0,9.463702
27013,2018,8.7,8.879202
27013,2019,9.6,8.726389
27023,2018,8.6,9.0366
27023,2019,9.0,8.813802
27039,2018,8.3,8.695214
27039,2019,8.7,8.684041
27045,2018,8.5,8.632479
27045,2019,9.2,8.651194
27049,2018,8.4,8.410322
27049,2019,9.0,8.941207
27065,2018,8.8,9.394038
27065,2019,9.4,9.972359
27071,2018,8.9,9.360231
27071,2019,9.3,9.557068
27075,2018,8.1,9.833034
27075,2019,9.0,9.586601
27079,2018,8.2,8.718379
27079,2019,9.0,9.211377
27081,2018,8.4,8.6782675
27081,2019,9.2,9.325078
27085,2018,8.4,8.747785
27085,2019,8.7,9.079457
27093,2018,8.4,8.417957
27093,2019,9.0,8.758148
27111,2018,8.4,8.919555
27111,2019,8.9,8.600256
27117,2018,8.7,8.772743
27117,2019,9.2,9.087909
27125,2018,8.6,9.0228405
27125,2019,9.0,9.292778
27129,2018,8.5,8.781743
27129,2019,8.9,8.838042
27139,2018,7.7,8.166615
27139,2019,8.4,8.357095
27147,2018,8.4,8.707379
27147,2019,8.7,9.082379
28015,2018,9.9,10.135742
28015,2019,10.1,10.4078865
28017,2018,11.0,10.790382
28017,2019,10.8,10.741696
28021,2018,12.5,12.413519
28021,2019,12.1,11.959405
28033,2018,9.3,9.3296175
28033,2019,9.3,9.113379
28035,2018,10.3,10.615995
28035,2019,10.5,10.348384
28045,2018,9.5,9.824498
28045,2019,9.4,9.545105
28067,2018,10.0,10.299903
28067,2019,10.0,9.894089
28069,2018,11.4,11.147325
28069,2019,11.3,11.395556
28075,2018,10.1,10.337305
28075,2019,10.3,10.685799
28085,2018,10.2,10.468161
28085,2019,10.1,10.120391
28095,2018,10.2,10.452926
28095,2019,10.2,10.222996
28107,2018,11.0,10.820606
28107,2019,11.0,10.722389
28119,2018,12.7,12.388474
28119,2019,12.7,11.804454
28123,2018,11.0,10.452736
28123,2019,10.6,9.97076
28129,2018,10.2,10.429759
28129,2019,10.4,10.271058
28135,2018,11.1,11.2312565
28135,2019,10.7,10.419893
28159,2018,10.8,10.894511
28159,2019,10.7,10.933295
29001,2018,10.2,10.2105255
29001,2019,10.6,10.284831
29007,2018,10.4,10.177116
29007,2019,11.0,10.232134
29015,2018,9.9,10.389081
29015,2019,10.1,10.112213
29019,2018,9.5,9.527838
29019,2019,9.9,9.605876
29021,2018,9.9,10.206698
29021,2019,10.0,10.172218
29029,2018,9.6,9.525506
29029,2019,9.9,9.462183
29037,2018,9.5,9.484866
29037,2019,10.0,9.257792
29045,2018,9.9,9.992456
29045,2019,10.2,10.350547
29055,2018,10.8,10.976407
29055,2019,10.7,10.698807
29061,2018,10.0,10.167148
29061,2019,10.4,10.378013
29069,2018,11.3,11.070326
29069,2019,11.2,10.849977
29097,2018,9.9,10.210483
29097,2019,10.2,10.072968
29103,2018,9.9,9.981992
29103,2019,10.2,10.162166
29109,2018,10.2,10.427143
29109,2019,10.4,10.131326
29119,2018,10.7,10.72015
29119,2019,10.8,10.442799
29123,2018,10.2,10.1778
29123,2019,10.2,10.309093
29131,2018,10.1,10.29567
29131,2019,10.3,10.224355
29135,2018,9.7,10.055745
29135,2019,9.6,9.873399
29143,2018,11.2,10.864978
29143,2019,11.3,10.855455
29151,2018,9.3,9.646997
29151,2019,9.5,9.728052
29157,2018,9.8,9.8616
29157,2019,9.9,9.985746
29173,2018,9.7,9.882032
29173,2019,10.1,9.879863
29181,2018,11.0,11.024033
29181,2019,11.2,10.900252
29186,2018,9.7,9.874598
29186,2019,10.0,9.831853
29217,2018,10.1,10.13609
29217,2019,10.5,10.19777
29219,2018,9.9,9.967682
29219,2019,10.1,9.999683
29223,2018,11.0,11.264216
29223,2019,11.0,10.668937
30005,2018,12.0,11.496843
30005,2019,11.8,11.180393
30019,2018,8.9,8.76552
30019,2019,8.9,9.0974865
30027,2018,9.2,9.71014
30027,2019,10.0,9.938997
30029,2018,9.3,9.55342
30029,2019,9.4,9.790769
30035,2018,13.2,12.401653
30035,2019,12.3,11.77813
30037,2018,9.3,9.532956
30037,2019,10.0,9.741019
30045,2018,9.1,9.872629
30045,2019,9.3,9.62252
30051,2018,10.4,9.70025
30051,2019,11.4,10.354613
30059,2018,9.3,9.593088
30059,2019,10.0,9.796492
30061,2018,9.8,10.597147
30061,2019,10.0,10.092771
30085,2018,12.9,12.080436
30085,2019,12.1,11.697284
30097,2018,8.9,9.276149
30097,2019,9.5,9.587021
31001,2018,8.6,8.691788
31001,2019,8.1,8.727171
31013,2018,8.4,8.821401
31013,2019,8.3,9.038935
31023,2018,8.2,8.421387
31023,2019,7.8,8.033028
31049,2018,8.6,9.073929
31049,2019,8.1,8.720208
31059,2018,8.4,8.530049
31059,2019,7.9,8.472033
31061,2018,8.5,8.401722
31061,2019,8.4,8.378153
31065,2018,8.8,8.511051
31065,2019,8.6,8.916363
31071,2018,8.0,8.87972
31071,2019,8.1,8.1609125
31073,2018,7.9,8.164863
31073,2019,7.7,8.15785
31079,2018,8.1,8.481859
31079,2019,7.7,8.113855
31099,2018,8.4,8.386799
31099,2019,8.0,8.243808
31109,2018,8.6,8.996224
31109,2019,8.5,9.013561
31113,2018,8.4,8.497636
31113,2019,8.2,8.436156
31125,2018,8.5,8.621936
31125,2019,8.2,8.569492
31137,2018,8.2,8.26507
31137,2019,7.9,8.159303
31161,2018,9.0,8.931131
31161,2019,8.4,8.461411
31167,2018,8.4,8.301745
31167,2019,8.0,8.086543
32011,2018,9.1,8.899531
32011,2019,9.1,9.001358
32015,2018,9.5,9.243753
32015,2019,9.3,8.817878
32017,2018,9.2,9.032967
32017,2019,9.2,9.056871
33003,2018,10.4,10.125604
33003,2019,9.9,10.112697
35011,2018,10.1,9.117313
35011,2019,9.3,8.39501
35013,2018,9.9,9.241055
35013,2019,9.3,8.519418
35021,2018,9.1,9.146404
35021,2019,8.6,8.811725
35025,2018,9.8,8.999389
35025,2019,9.3,8.1853485
35049,2018,9.0,8.962727
35049,2019,8.0,8.316088
35055,2018,9.7,9.424601
35055,2019,8.6,8.789391
35057,2018,10.4,9.599673
35057,2019,9.2,8.8718605
36009,2018,12.2,10.937735
36009,2019,10.8,10.903764
36021,2018,10.5,9.454129
36021,2019,9.5,9.130842
36023,2018,11.3,10.671247
36023,2019,10.5,10.263145
36025,2018,10.8,10.32245
36025,2019,10.3,10.281309
36031,2018,11.0,10.030445
36031,2019,9.9,10.238037
36035,2018,11.9,10.628936
36035,2019,11.0,10.874567
36045,2018,11.3,10.390106
36045,2019,10.0,10.237067
36083,2018,11.2,9.702814
36083,2019,9.7,9.351091
36087,2018,10.3,9.377004
36087,2019,9.4,8.874353
36099,2018,11.0,10.863932
36099,2019,10.2,10.486941
36105,2018,11.2,10.589606
36105,2019,9.9,9.689004
36117,2018,11.7,10.575781
36117,2019,10.1,10.152013
36119,2018,9.9,9.54355
36119,2019,9.0,9.021181
36121,2018,10.8,10.224733
36121,2019,9.9,10.18636
37011,2018,9.6,9.81511
37011,2019,9.3,9.6671505
37017,2018,11.1,10.472698
37017,2019,10.7,10.2668495
37023,2018,9.9,10.066704
37023,2019,9.8,10.136216
37053,2018,9.5,9.339427
37053,2019,9.1,9.328219
37065,2018,11.6,11.197737
37065,2019,11.1,10.929511
37069,2018,10.1,10.127576
37069,2019,9.5,9.986591
37105,2018,10.0,10.109958
37105,2019,9.3,9.336391
37109,2018,9.6,10.422564
37109,2019,9.0,9.735666
37129,2018,9.3,10.059595
37129,2019,9.2,9.897319
37135,2018,9.1,8.932647
37135,2019,8.5,8.599204
37137,2018,9.7,9.822639
37137,2019,9.4,9.945583
37147,2018,10.3,10.059838
37147,2019,10.2,10.341759
37157,2018,10.3,10.246998
37157,2019,10.0,9.987982
37161,2018,10.3,10.0715065
37161,2019,10.1,9.688528
37163,2018,10.8,10.489482
37163,2019,9.9,10.007434
37181,2018,11.5,10.580948
37181,2019,11.0,10.613379
37195,2018,10.8,10.597033
37195,2019,10.3,10.271679
37197,2018,10.0,10.077999
37197,2019,9.7,9.791093
38015,2018,9.1,8.827972
38015,2019,8.2,8.976457
38017,2018,8.6,8.847915
38017,2019,8.3,8.935338
38021,2018,8.7,8.4981785
38021,2019,8.4,8.249551
38031,2018,8.6,8.533422
38031,2019,8.7,8.601152
38057,2018,8.8,8.703804
38057,2019,8.6,8.955786
38065,2018,8.8,8.83406
38065,2019,8.5,8.371538
38069,2018,9.0,8.840712
38069,2019,9.0,8.717994
38079,2018,13.6,13.168757
38079,2019,11.7,12.040057
38081,2018,8.5,8.612791
38081,2019,8.1,8.454996
38089,2018,8.6,9.217106
38089,2019,8.5,9.080025
39009,2018,10.5,10.599663
39009,2019,11.2,10.687578
39011,2018,9.2,9.63881
39011,2019,10.1,9.890579
39023,2018,10.4,10.3905325
39023,2019,11.1,10.49244
39035,2018,10.1,10.527783
39035,2019,11.1,10.692508
39069,2018,9.2,9.556701
39069,2019,9.6,9.568968
39077,2018,10.0,10.247843
39077,2019,10.1,10.032224
39081,2018,10.1,10.645571
39081,2019,10.6,10.483032
39085,2018,9.2,9.839022
39085,2019,9.8,9.417458
39087,2018,10.7,10.915485
39087,2019,11.3,11.111315
39091,2018,9.7,10.1313925
39091,2019,10.0,10.07172
39099,2018,10.0,10.416874
39099,2019,10.4,10.404215
39117,2018,9.8,10.307119
39117,2019,10.4,10.463117
39133,2018,9.6,10.099809
39133,2019,10.1,10.573198
39137,2018,8.9,9.161432
39137,2019,9.3,9.274231
39141,2018,10.5,10.490096
39141,2019,11.1,10.681926
39157,2018,9.6,10.549281
39157,2019,10.5,10.386848
39165,2018,8.7,8.953695
39165,2019,9.1,8.897421
39173,2018,9.5,9.397581
39173,2019,9.8,9.308206
40015,2018,11.0,10.941286
40015,2019,10.5,10.4546175
40017,2018,9.6,9.560484
40017,2019,9.4,9.4811125
40025,2018,9.6,9.485362
40025,2019,9.5,9.218088
40031,2018,10.4,9.606447
40031,2019,10.4,9.563025
40041,2018,11.5,10.72958
40041,2019,11.0,10.984111
40057,2018,10.2,9.44697
40057,2019,9.9,8.732215
40059,2018,9.6,9.553918
40059,2019,9.5,8.733954
40071,2018,10.6,10.525862
40071,2019,10.7,10.05021
40075,2018,10.7,10.306481
40075,2019,10.7,10.072892
40081,2018,10.7,10.274784
40081,2019,10.7,9.948799
40099,2018,10.8,10.40504
40099,2019,10.5,9.677402
40115,2018,11.6,11.694689
40115,2019,11.4,11.154549
40125,2018,11.2,10.476163
40125,2019,11.1,10.409394
40129,2018,10.1,9.877275
40129,2019,10.0,9.621687
40145,2018,10.4,10.201629
40145,2019,10.1,9.598072
40149,2018,9.9,9.920676
40149,2019,9.8,9.509117
41007,2018,10.6,10.6063385
41007,2019,10.5,10.247083
41019,2018,11.6,11.782459
41019,2019,10.9,11.094876
41025,2018,11.3,10.503241
41025,2019,10.4,10.444371
41043,2018,11.2,10.85825
41043,2019,11.1,10.599271
41049,2018,11.2,10.131318
41049,2019,10.6,9.225178
41051,2018,10.7,10.108678
41051,2019,9.9,9.8975935
41055,2018,10.6,9.714221
41055,2019,10.4,9.90945
41069,2018,11.2,9.934723
41069,2019,10.8,10.070132
42001,2018,10.2,9.662027
42001,2019,10.1,9.841947
42021,2018,10.5,10.379331
42021,2019,10.7,10.438315
42027,2018,9.7,9.376522
42027,2019,9.9,9.485199
42077,2018,9.8,9.705052
42077,2019,9.5,9.017346
42097,2018,10.4,10.532612
42097,2019,10.6,10.678621
42103,2018,9.6,9.817115
42103,2019,9.7,9.599591
42107,2018,10.3,10.828313
42107,2019,10.5,10.525548
42111,2018,10.3,10.2541275
42111,2019,10.4,10.65396
42119,2018,9.9,9.945146
42119,2019,9.9,10.333309
42129,2018,9.9,9.48623
42129,2019,9.7,9.492809
44001,2018,10.3,9.989489
44001,2019,10.1,9.927904
45005,2018,11.1,12.002975
45005,2019,11.3,11.522523
45013,2018,8.3,9.123598
45013,2019,8.4,8.537699
45031,2018,10.5,10.695972
45031,2019,10.9,10.473042
45055,2018,9.6,10.097129
45055,2019,9.8,10.079332
45061,2018,11.0,11.341108
45061,2019,11.0,11.242335
45069,2018,11.2,11.337147
45069,2019,11.2,11.0931835
45077,2018,9.4,9.620045
45077,2019,9.4,9.391449
45081,2018,9.6,9.959912
45081,2019,9.8,9.679901
45083,2018,9.8,9.549764
45083,2019,9.5,9.659802
46003,2018,8.2,8.385121
46003,2019,8.3,8.332764
46009,2018,8.3,8.960117
46009,2019,8.3,8.551619
46021,2018,8.0,8.213375
46021,2019,7.8,8.188659
46023,2018,10.2,10.348731
46023,2019,9.8,10.191958
46025,2018,8.6,8.984207
46025,2019,8.6,8.847411
46029,2018,8.5,8.943408
46029,2019,8.5,8.990821
46033,2018,8.4,9.224579
46033,2019,8.3,9.390093
46059,2018,8.2,8.31633
46059,2019,8.0,8.096889
46079,2018,8.4,8.348187
46079,2019,8.3,8.750763
46091,2018,8.2,8.468874
46091,2019,8.0,8.378368
46095,2018,12.5,13.32288
46095,2019,11.7,12.378655
46102,2018,15.0,13.996844
46102,2019,13.8,13.212003
46111,2018,8.4,8.450508
46111,2019,8.2,8.555006
47003,2018,10.7,10.37218
47003,2019,9.9,10.030482
47021,2018,10.2,10.304893
47021,2019,9.6,9.987615
47063,2018,10.9,10.512941
47063,2019,10.1,9.866372
47079,2018,10.7,10.880734
47079,2019,10.3,10.366957
47097,2018,11.7,11.356087
47097,2019,11.0,10.504974
47099,2018,10.9,10.77627
47099,2019,10.6,10.474081
47107,2018,10.8,10.810004
47107,2019,10.4,10.448082
47123,2018,11.1,11.066993
47123,2019,10.3,10.197516
47135,2018,11.5,11.558449
47135,2019,10.7,10.572878
47137,2018,10.9,10.705575
47137,2019,10.6,10.318612
47141,2018,10.4,10.148153
47141,2019,9.8,9.90108
47143,2018,11.0,11.020628
47143,2019,10.3,10.161219
47155,2018,10.5,10.71823
47155,2019,9.7,10.410866
47157,2018,11.3,10.33692
47157,2019,10.0,10.024086
48001,2018,9.3,10.173792
48001,2019,8.5,9.7767725
48005,2018,9.8,9.539749
48005,2019,9.7,9.117723
48009,2018,9.1,9.404991
48009,2019,8.6,9.13777
48013,2018,8.6,8.824098
48013,2019,8.0,8.216167
48023,2018,9.0,9.549501
48023,2019,8.5,9.417666
48033,2018,8.0,8.377802
48033,2019,7.7,8.558266
48035,2018,9.2,9.437601
48035,2019,8.6,8.806048
48039,2018,8.5,8.612402
48039,2019,7.7,8.053435
48041,2018,9.4,9.099211
48041,2019,8.6,8.897314
48055,2018,9.0,9.133236
48055,2019,8.4,8.202089
48057,2018,8.5,8.948159
48057,2019,8.0,8.420897
48063,2018,9.8,9.861062
48063,2019,8.9,8.50082
48077,2018,9.2,9.424768
48077,2019,8.7,9.373948
48081,2018,9.1,9.164267
48081,2019,8.6,8.526827
48083,2018,9.5,9.224881
48083,2019,8.5,8.753369
48099,2018,9.7,9.835536
48099,2019,9.0,9.578742
48107,2018,9.3,9.213497
48107,2019,8.5,8.836896
48125,2018,9.0,9.352924
48125,2019,8.2,8.59573
48131,2018,8.6,8.671985
48131,2019,8.0,8.360117
48133,2018,9.7,9.972474
48133,2019,9.0,9.60619
48135,2018,8.6,8.866089
48135,2019,8.0,8.028807
48151,2018,8.8,8.82966
48151,2019,8.2,8.273608
48165,2018,9.7,9.744504
48165,2019,8.7,8.934383
48169,2018,8.6,9.230818
48169,2019,7.9,8.14803
48173,2018,8.9,8.918355
48173,2019,8.3,8.49269
48179,2018,9.4,9.73973
48179,2019,8.7,9.15985
48185,2018,9.7,10.069679
48185,2019,8.9,9.357463
48189,2018,8.8,9.049207
48189,2019,8.1,8.38747
48195,2018,9.5,9.653524
48195,2019,8.8,9.2985325
48219,2018,9.1,9.201154
48219,2019,8.5,8.83413
48267,2018,9.2,8.876378
48267,2019,8.6,8.641084
48275,2018,9.2,9.1648245
48275,2019,8.7,8.32663
48281,2018,9.2,9.084685
48281,2019,8.5,8.573865
48297,2018,8.9,9.057374
48297,2019,8.1,8.854984
48299,2018,9.1,9.189112
48299,2019,8.5,8.97899
48303,2018,9.1,9.250535
48303,2019,8.6,8.588025
48307,2018,9.1,9.30046
48307,2019,8.6,8.622996
48311,2018,7.9,8.492086
48311,2019,7.3,8.145698
48315,2018,10.4,10.484288
48315,2019,9.8,10.105389
48327,2018,8.5,8.678826
48327,2019,8.1,8.409833
48331,2018,9.5,9.494786
48331,2019,8.9,9.027138
48339,2018,8.6,8.863086
48339,2019,8.0,8.609094
48361,2018,9.6,9.769739
48361,2019,9.0,9.372741
48363,2018,9.6,9.799722
48363,2019,9.0,9.345501
48373,2018,9.7,10.005658
48373,2019,8.9,9.612382
48395,2018,9.6,9.485296
48395,2019,9.0,9.196591
48421,2018,8.8,9.303793
48421,2019,8.1,8.883541
48429,2018,9.5,9.679767
48429,2019,8.7,9.33504
48441,2018,9.1,9.4805155
48441,2019,8.6,8.675874
48447,2018,9.2,9.5895195
48447,2019,8.7,9.211525
48449,2018,9.6,9.412173
48449,2019,8.8,8.40893
48451,2018,8.7,9.458473
48451,2019,8.0,8.458688
48467,2018,9.6,9.563588
48467,2019,9.2,9.158439
49011,2018,8.8,9.485835
49011,2019,9.8,9.69416
49019,2018,9.6,9.576669
49019,2019,9.6,9.559986
49037,2018,12.4,10.307227
49037,2019,11.9,10.181175
49041,2018,10.4,9.342259
49041,2019,10.5,9.464984
49053,2018,9.3,10.131994
49053,2019,9.1,10.035725
49057,2018,9.5,9.734683
49057,2019,10.0,9.765094
50001,2018,10.7,8.824917
50001,2019,9.6,9.335401
50005,2018,11.0,10.238832
50005,2019,9.8,10.138707
50007,2018,10.6,9.341079
50007,2019,9.7,9.846005
51005,2018,9.8,10.363039
51005,2019,10.2,10.320784
51007,2018,9.8,9.894975
51007,2019,9.9,9.590349
51017,2018,9.7,10.614135
51017,2019,9.9,10.303375
51029,2018,10.3,10.460821
51029,2019,10.3,10.332632
51051,2018,10.5,11.091361
51051,2019,10.7,10.466623
51071,2018,9.3,9.48514
51071,2019,9.6,9.340379
51081,2018,10.5,10.694801
51081,2019,10.2,10.536017
51087,2018,8.9,9.5626
51087,2019,9.3,9.192629
51109,2018,9.7,10.16839
51109,2019,10.2,9.528709
51111,2018,10.4,10.875745
51111,2019,10.4,10.391601
51113,2018,9.5,9.885919
51113,2019,9.7,9.46427
51125,2018,9.2,9.252646
51125,2019,9.7,9.293176
51133,2018,9.2,9.300718
51133,2019,9.8,9.230015
51141,2018,10.0,10.431042
51141,2019,10.1,9.917987
51145,2018,8.8,9.106331
51145,2019,9.3,9.103385
51155,2018,9.4,9.941258
51155,2019,9.6,10.040779
51167,2018,10.1,10.378177
51167,2019,10.5,10.565024
51169,2018,9.8,10.279376
51169,2019,10.1,10.1875515
51173,2018,9.9,10.254544
51173,2019,10.5,10.646031
51175,2018,9.9,9.998032
51175,2019,10.2,10.043183
51177,2018,9.2,9.123753
51177,2019,9.1,8.833445
51191,2018,9.5,10.1713295
51191,2019,9.9,9.954031
51199,2018,8.4,9.274803
51199,2019,8.5,9.169597
51800,2018,9.7,9.538776
51800,2019,10.1,9.498089
51810,2018,9.0,9.094592
51810,2019,9.0,8.907426
53005,2018,10.4,9.891588
53005,2019,10.3,9.452285
53007,2018,10.0,9.99297
53007,2019,9.6,9.877601
53013,2018,10.3,9.87524
53013,2019,10.5,9.745642
53025,2018,10.7,10.241248
53025,2019,9.9,9.837996
53031,2018,9.6,9.928515
53031,2019,9.9,9.910962
53033,2018,8.8,8.558853
53033,2019,8.8,8.425245
53067,2018,10.0,10.024379
53067,2019,9.7,9.975534
54001,2018,11.6,11.138808
54001,2019,11.5,10.491952
54011,2018,11.2,10.959993
54011,2019,11.0,10.749284
54035,2018,10.8,10.943434
54035,2019,10.8,10.70321
54045,2018,12.2,11.974342
54045,2019,11.6,11.960599
54049,2018,11.2,10.750218
54049,2019,10.6,10.756047
54065,2018,10.8,10.590773
54065,2019,10.8,10.642058
54071,2018,11.2,10.971939
54071,2019,10.6,10.259568
54093,2018,10.9,10.458826
54093,2019,10.6,10.705366
54095,2018,10.9,10.900749
54095,2019,10.6,11.047462
54101,2018,12.1,11.869657
54101,2019,11.7,11.342828
54109,2018,12.0,11.682414
54109,2019,11.6,11.179105
55007,2018,9.4,9.435062
55007,2019,9.3,9.629456
55019,2018,9.9,10.309223
55019,2019,10.1,10.345343
55029,2018,8.8,8.797596
55029,2019,9.2,9.324384
55031,2018,9.5,10.298785
55031,2019,9.8,9.974798
55045,2018,9.1,8.757921
55045,2019,9.3,9.011164
55059,2018,9.6,9.627809
55059,2019,9.6,9.56356
55061,2018,9.1,9.171185
55061,2019,9.2,9.179339
55075,2018,9.5,10.261987
55075,2019,10.0,10.617443
55085,2018,9.0,10.066698
55085,2019,9.4,10.284223
55089,2018,8.4,8.612925
55089,2019,8.8,8.910523
55105,2018,9.6,10.184252
55105,2019,9.5,10.025113
55113,2018,10.1,10.076468
55113,2019,10.0,9.745759
55119,2018,9.5,9.618366
55119,2019,9.6,9.546695
55123,2018,9.7,9.893038
55123,2019,9.9,9.918554
55131,2018,8.8,9.030809
55131,2019,8.9,9.226552
55141,2018,9.1,9.665308
55141,2019,9.2,9.92834
56005,2018,9.4,9.601597
56005,2019,8.9,9.245412
56027,2018,10.3,9.844852
56027,2019,10.3,10.088197
56043,2018,9.2,9.175822
56043,2019,8.9,9.099924
